"y","x.1","x.2","x.3","x.4","x.5","x.6","x.7","x.8","x.9","x.10","x.11","x.12","x.13","x.14","x.15","x.16","x.17","x.18","x.19","x.20","x.21","x.22","x.23","x.24","x.25","x.26","x.27","x.28","x.29","x.30"
12.5637826543296,-1.20207825645215,-1.0065440664491,0.175320104346687,-0.0211721951133267,1.16084006004507,-0.580700936608791,0.0857715420928506,-0.0451917472439591,0.794460341363852,0.484212720269105,-0.0974287192207138,0.607772681761316,-0.491455153072934,-1.33676568117233,0.488271596797721,0.266310588156773,-0.444937590399662,0.575538617332293,0.550503832768189,-0.546754176879569,1.55007680294067,0.484367692534373,1.08454713061057,1.09431298580022,-0.230421313958719,0.198073609667351,0.602975309277467,1.39336870034536,0.519918601381469,1.57354222980934
-18.4525754179526,-2.13010804353462,-0.0119376256100812,-0.615242804138761,-0.582606019386025,-0.143015366804772,-0.794723166296223,-0.862055462586098,-1.06369251273251,0.780485750380856,-0.320454514251748,2.03423481604578,0.205565107430065,1.41817838676739,0.699373096671196,0.941388917048403,1.39367117293425,2.05333870740472,-0.11826664292481,0.161598814439587,0.181444474043207,-1.27700212230689,-1.53581102717816,-1.22699035279495,-1.64168241635915,-0.717594040775737,-1.04354405085218,-1.28752007936187,-1.32574810444531,-0.745959113663504,-2.03341569818552
-29.6540836357293,-0.371307908006697,-0.720085182627377,0.301894234197908,0.142226099717155,-0.8868098500592,0.611150271797243,-0.429057340963697,-2.65057323595456,0.606276251424297,-0.800188738637666,0.96530453428089,0.80921886680616,-0.211523884293736,1.79707632388926,2.2139964074684,1.5541098492281,0.180062173229099,1.42042922161308,-0.179865577392447,1.73888450676581,0.413511350183036,-1.40480214339584,-0.961562596206535,-0.245762743390954,-0.378376737709997,-0.750809012415527,-1.46006376455523,-2.12224924647606,-1.50980063921424,-1.27964534100036
-2.42986124643702,-2.4735239881899,-1.42523270765873,-0.0720727498614349,0.495381916154386,0.0956686175557374,0.464862284838422,0.839149859653783,0.0137557392950987,-0.248430357742054,-0.359679558162081,0.373157397563617,0.831685042028557,2.26801564897047,0.183739618207995,0.12906406475925,1.50832882546618,1.27537509293043,0.846332653605175,0.58260968511522,-0.973462860835933,-0.753208252414229,-1.10542710091455,0.341562612606141,0.522400089909011,0.110027669735207,-0.836575413825324,0.753276604793278,-1.62870815583231,-0.684882727633082,-0.4816486892466
-8.87907599385813,-1.43437500616048,-0.771223601635284,0.187938441630059,-0.710027948591304,-0.556570331421081,0.331716083113004,-1.12530037985301,-0.643902209127773,0.88393830007346,0.566241788193017,1.2322639889043,1.05306289786572,0.889131044053414,0.722792447970073,1.31692462402395,1.2269415978358,0.372310613317319,0.567875859507437,1.92718328839716,0.334932807117419,0.0234418952131002,1.08513394988069,-0.568317023469635,-0.178794842162166,-1.23992407421628,-0.346570836337051,-0.4388157680884,0.069431092225318,-0.171691099616725,-1.32351800202182
69.2452720048145,1.70419752151074,1.60103946625329,0.0197536830643964,1.13699665397711,2.80122982781033,2.6529613507257,0.867894495927424,3.12105773479052,1.14229944249843,0.790476032201491,-0.915513671651181,-1.1691527196358,-1.9831081964987,-0.975041326928872,-0.971351606252391,-1.37514700019192,-1.01404774526404,-1.14711539519776,-1.63847523973003,-1.95227636614016,-1.6997004106149,-2.38222933157653,-2.03096850372292,-0.803492374951692,-1.70808642009318,-0.869111210244207,-0.377500589579846,-0.781442654504662,-0.299111510991103,0.215329884481497
8.07469609110673,1.48791310841295,0.913320781681578,0.301801039791666,0.919563172753996,0.552009479890235,0.604348316148776,0.757506151180276,-0.255686358243388,0.226677168546004,1.43002611235882,0.0391703330290232,2.25733953997932,2.41253828046133,-1.14350599347097,0.222622892497673,1.10595265512941,1.15225680964898,1.52272716274293,1.87604113769517,0.904998075240229,-0.321911982600228,-0.235214784229791,-0.183998759746412,1.75956618458464,-0.220006650719912,1.0667413747238,-0.138671153443994,0.261519492645556,-0.548359656690736,0.396741697288289
-46.8433127360351,-0.509265247551133,-2.81230599657356,-1.40627485545054,-1.3376357660985,-2.03431060098302,-2.38484089701204,-1.00958072479373,-2.54929023405301,-1.09797439193915,-0.104235317060939,2.06078094360195,0.510661176829074,-0.0924741264913898,-1.24490955660632,-1.0510470729528,-0.0275720063281153,0.659440190405863,0.692237024869541,-0.351197996474991,-0.326396517220742,-0.941478409171533,-1.49592521215055,0.372895605895695,-0.592348388606184,-1.0965808039267,-1.65399318759079,-1.21202475177912,-1.90895269381785,-1.20465780762447,1.47233416385008
35.2250583244128,1.06939840758572,2.168832433002,1.25853167320731,-0.306484646718776,0.699849776716668,1.70773472087063,0.886281610819743,0.475616548843329,0.512888818458029,0.501181115927983,-1.27696323067124,-0.104979346602758,-0.426141589940393,-0.906302391773791,-1.05245502177282,-0.27306989035101,-2.42461626225414,-1.39265850250806,-1.32774539098661,-2.00778561159092,0.434137681960965,0.79895128512117,-0.243240162738377,-0.154989346787432,0.638354608147659,-0.40893483087214,0.803603870600462,-2.13014971451239,0.711940986560851,0.358662904948927
15.3164466545287,0.569924089224326,0.279301883888283,0.426280634690951,0.215776343740953,0.973921885232778,-1.35790579827605,1.54837155911781,0.59181241840439,-0.301235087562968,1.42355555218715,1.40968841456078,1.72304611807722,1.52052247713691,1.91506344326047,1.60023796566606,0.125151680725128,0.422685804093289,0.579962798544039,0.585531991329333,-0.318535727959057,1.08755680873323,-0.206112833451676,0.0883810209091483,-1.26119585738037,0.671827516152392,-1.54816727385676,-0.747409829453857,1.23946044894039,-0.426677666536298,-0.642271369793333
-19.6619723637665,0.490074276704972,0.302676508361968,-1.08463526804219,-0.805644613823245,1.15720216883949,-1.56105534464503,0.181742311509295,-0.552649578178918,-0.154286197260791,-1.84540530064104,0.792489441119861,0.307744851102619,0.105421173837048,-0.94854468550055,-0.127206213146482,0.476498551686078,-0.653844949362174,-0.0973085230865796,0.171246423935569,0.440701326088407,-0.37229528028245,1.54705732290135,0.38377989492663,0.0901510628272226,0.373402209816879,0.642381521218873,-1.29812457385432,0.0579000426466945,2.34497283985228,1.35902624876947
49.8558375056628,2.19727288665699,1.17963985599192,0.969553770925078,-0.0581492160026152,2.08187874413514,0.917100617569504,0.369540760603038,1.02874176453309,2.71388770234868,2.98482727898085,-0.609117670038158,0.304952786448228,0.603555627686017,0.483140750434335,-0.390429347977277,1.70357884033865,-0.765857012965411,-0.478323050513446,0.821048755774076,1.44473225905198,-0.996641665721651,-0.255941069820172,-1.03776148217928,-0.790851355756533,-1.45278752938641,0.843955283281449,-0.885586055053828,-1.46798655152475,0.243839959046722,0.217547317352691
-37.5742631242772,1.86221529789868,-1.09836558661387,-0.504225891792768,-0.944651602335644,1.05447068049908,-1.05647981282556,-0.216830034690389,-0.718364359095518,-1.06032836276335,-2.18878244040949,-0.865804728768539,0.730852003171915,1.80613717718592,2.03008338627011,2.1859312770893,0.913568268529001,0.117370086413558,0.881026667751617,0.357437695995986,0.898676046505065,-0.168431094462922,1.17351001021661,0.614956164787548,-0.298377859902007,0.354653814011308,-1.4900309594919,1.57207577408327,0.0799787115655391,-0.691485816937648,-0.164579517571921
4.80203704266818,1.55837083939792,-1.37074303860481,1.51540501777474,0.832334825201962,-0.0158296264172545,0.577393144532108,0.462906616126439,0.502145405686835,-0.519372204485532,-0.902299474618347,0.770035890905398,1.30356327266479,-1.40305806408427,-1.33373084380565,-1.47734013419477,-0.868048257825681,1.06120885832749,-0.992077988762089,-0.782888556464046,-1.20958636429297,-0.188118759710874,-0.387189129645637,0.437773975594731,-0.0896004720268473,0.727077352555473,1.34532758154005,0.161515157215525,0.270304190645191,0.0435978029089706,0.679753733839167
0.171925705643305,0.95359876509608,-1.44186763942823,0.214403147161738,0.436107745508649,0.164847195497132,-0.470941211369733,-0.303462196846934,-0.356286339544581,-0.00574857138915888,1.18783913824702,1.82077624174566,1.9710843803369,0.52047603922936,1.24884138741693,2.15294648015143,1.31569661408882,-0.941535389161379,1.55418647378584,0.0786463955820525,0.446297694968448,0.131488207888401,-0.758843692641414,0.0394462136342906,1.04059682800733,0.676950860720902,0.796579381752423,0.938705557739763,-2.7841223518037,0.205406127939568,-0.793362200510868
-13.5678825480859,1.08766612013625,-1.19319253603931,0.334666306176525,1.49070396858661,-0.388078247519841,-0.148657077547245,-0.490611216721133,-0.362729879030794,-0.121907685462438,0.156558528198565,-0.514509425808977,1.21788254379159,0.680313723488122,1.34048010104396,0.275715559552025,1.42577262187774,0.93764979620547,0.512734333029987,0.933520138186715,1.50766378605568,-0.271584044164994,-0.199122636051819,-1.45646429492239,-0.934985844584313,-0.768307491684407,-2.92537124496392,-1.90038078818736,-0.0599038208048187,-1.12903285681859,-0.788087116661855
-64.365708410003,-0.406685552036324,-1.30458905092187,-0.500298828806901,0.191625553290263,-2.44374988464393,-0.715999121522511,-1.38387226730313,-0.974198699778912,-0.984614277972687,-3.0767549524205,0.799109061011991,1.71280380681602,0.101115833206512,0.289250020922234,0.985930376901592,0.494858128642825,2.10474505085508,1.26892854076038,1.55151558934984,1.21360868784814,0.753557504579314,0.888240300373664,2.1392665232515,-1.03536398156784,-0.280763834922832,1.41856007588893,1.48793133210077,-0.372797102901068,-0.400078610420273,-1.155858525529
-21.4400864839186,-1.67679567916909,0.798077740765259,-0.457577155612029,0.00858533810640449,-0.787701500360899,0.182946150737813,1.91305113966202,-0.934114909441319,-0.560508067238506,-1.0874105555706,1.17414667028561,0.262769912001079,0.467510188349698,0.00264105815083501,0.919740217704615,0.674391924251863,1.09281375192339,2.32488279213102,1.48752144077529,1.43445761397305,0.975423684496254,-0.829392298121302,1.81979691342548,-0.382872401186194,-0.295384839836238,-0.0776903744544923,0.941551984768826,0.0620836503746952,0.660354763546177,0.281849232017672
27.1606658974882,0.704435150616562,-1.09534123475782,0.122985589068225,0.156852414355056,-0.00400408866100008,-0.0569002084820392,0.507500835983618,0.943216881636293,-0.0755686447269416,1.38391181630165,-1.91485268192801,0.358495177397673,-0.131455626790063,-1.00043065222154,-1.12114404589811,-1.53501343859038,-0.498914116903942,-2.20020903319897,-1.22063211036325,-0.305989111183794,0.29932431662475,-0.405400320908604,1.56156722927546,-1.82602536771764,0.232847641302303,-0.940725325835631,0.711584535257075,-0.126075543553419,0.468842597271685,0.184075984600671
-12.5168930318506,1.34116142448988,-0.880522771941954,0.901496326302766,0.443749202433017,-1.22979805463313,-0.916320783462592,0.20449974397238,-0.307256137185844,-0.80833387449344,-0.808568685727573,-1.81167576457964,0.155244954187077,-1.59195404214681,-0.310007813963817,-0.55078551690801,-1.18784012869952,-0.752026433003716,0.649681372472954,-1.28252218794024,-1.11173322096438,-0.889466049207795,-1.03412509844914,-1.11121105497884,-1.73025958499246,-1.12373148906915,-0.331288805456809,-0.33906064657637,-0.636331720565426,0.40902466620022,0.441463820544975
-24.9114906308345,-0.924560752856371,0.518952285870956,-0.748237851092325,-0.440072676425606,-0.00724019016465033,-0.120061750183883,-0.510797394799294,-0.50994835668052,-0.114566171986936,-1.34434618923155,1.18443023009238,0.215054363660151,0.0972408605346099,-0.0399976657816766,0.0773303898522286,0.241235663022999,0.35620157331968,1.03841504850774,1.39645729393759,1.26380202222319,0.103361129574043,0.501389695959192,0.317836951063873,1.05630568873268,0.523812801218145,0.0114870146463499,0.180320496404784,-1.38508807026573,0.91779000583408,0.932032285844553
0.882341680092947,-0.234445601879714,-0.0970622242986056,1.05826609923628,0.844273575030741,-0.613123253159682,-0.554508601588877,0.130601012703019,0.576064109254754,0.0978489728673994,0.174927051893956,0.295460776485046,0.660015369692975,-0.520863889407891,0.243226937339356,0.62315297039316,0.361672560274524,0.836323962320649,0.735597856026503,0.985007338008872,-0.375408305500204,0.82301681224052,1.80966742560517,1.55684103013357,0.646983256137359,-0.696404020201489,0.00760492935340112,-0.145168802807045,-0.0292668214394644,0.944511104310174,0.843265351562537
-8.14072091732245,-0.0440312196411951,-0.497007158165554,-1.10733633429389,0.866826146904983,-0.0267896798982738,0.621077157644945,-0.135122670146068,-0.849002790725918,-0.455691218472913,-0.704206469655594,-1.59536174321256,-0.492153661697233,-1.96847608612536,0.788924140443722,-0.634664165892779,-0.618520170599156,1.42165625253636,0.549184825964195,-1.3191609289255,-0.113682068400092,0.192973778296261,-1.51801232703253,-0.464964611867716,0.0154301414854455,0.667517363788489,-1.08175974815677,-0.0379517368953372,0.539544716110581,-1.01124064888848,0.256974422634464
5.48711718076754,-0.288911973662784,0.146918678400523,-0.567669881964518,0.017686091918667,0.305280204170141,1.13901016141264,-0.284864615178944,0.557723781643781,-0.592183521053786,-0.728681113885173,-1.44944761614351,-0.0816595920149505,-0.409041690828589,-1.85238778354035,-2.39202204817734,-0.92507828669071,-1.09643085725614,-0.926862358456727,-0.751530960622272,-2.0057915826238,-0.710678170084981,-0.282520550975426,-1.30550459573441,-1.50871321022009,-0.755137227332129,0.0990254824836272,0.191534017969011,-1.90839641678044,-2.03162791621025,-2.01950459827688
1.13602528069978,1.21855257013635,1.30139888130969,-0.158373260332708,-0.2359385282909,-1.1486855698247,-0.619073710839889,0.487716562439109,0.477844579830945,0.880092254747771,0.642465271769678,-0.264992599435732,1.23947155057377,0.809561206981623,0.576661595223563,-0.0641410306982068,1.60619209638186,0.946520505620316,-0.68526624912515,0.10937028504188,1.28411048691029,0.626721019300723,-0.0945936500286304,-1.07014706903403,1.51540385978814,0.178549653645829,1.51767759311761,1.10725840967171,-1.00083352974762,0.556507389715565,0.566874825347427
-11.1707990642309,-0.0993524382789945,-0.345384583134115,-0.0146683174179716,-0.307396834084343,-0.482218942871276,0.145665322024749,-0.503585734155027,-1.46888401753067,-0.792711558360452,-0.117852961098096,-0.175474604890494,0.227883197240544,-0.219792411499096,0.48357675700887,0.124053079896059,-2.01730711671611,-0.376990403060648,-0.684232483609256,0.686407261011321,-0.789662348780503,0.090307070734687,-0.408383912271802,0.452037299264465,1.54954009202331,-0.259205249719961,0.541560950351864,1.97892695035044,1.77728484095971,-0.982179182851519,1.38049804584034
25.4301928255877,0.721620821672826,-0.844379267918156,0.598342213042729,0.749632603386475,0.559765389251505,-0.279254211038828,1.41116162132537,-0.260930074810004,0.878017960067185,0.465799395872115,-0.568913503975161,0.33749060368116,-0.586924791124411,-1.37789837028524,-1.61728721026242,-1.79217480220981,-1.38864951517334,-0.503898890712719,-1.6536145677151,-0.612137306946474,-1.94426597246703,-0.0883174454910781,1.10568338589538,0.880331074314877,-0.000115910945974664,-1.23233652069031,-0.0364419904057233,0.596380499065142,-0.793205274784444,0.279063715138712
-37.0583435358672,-0.611314342090767,-1.57186381572568,-0.862473222395811,-1.71678826955024,-1.47963907742583,-1.46868305874649,-1.15716411333358,-1.17959296365143,0.471783076250859,-1.94402991264892,0.442819551667663,-1.14819200420034,1.16878907146581,0.411529568533538,0.784649331550028,1.1184234515738,0.866927639242109,-1.97607729648466,0.666027275458323,-0.845329401248835,0.00469733790704027,-0.343923301497409,-0.451050244192752,1.26582775924759,0.816414265948724,0.406198053191336,-0.416708536831013,-1.45058142399132,0.112780629819018,-0.415442001777541
11.4818169024219,-0.221518542226837,1.05240022516934,0.318737274187693,0.338847641634278,-0.462787258700606,-0.0897473182749205,1.14090585222842,-0.593453218621882,0.557133041917269,0.119809583013936,-0.85077910765131,0.115546090566125,-0.521901950556102,-0.221142712168097,-0.0148298323992832,-0.850637191802401,-0.0604575746393901,-0.309177278804581,-1.18490023545983,-1.10257238622204,1.35591154653742,-0.0729342751343071,-0.805607198897292,-0.833511666985354,-0.135486594069614,0.500342349920838,-0.380985388616033,1.33801213448995,-0.329240875465477,-0.143678593154148
-5.55351865766875,0.866590739859432,-1.83811545900263,0.660048994021629,0.939379546006063,-0.0551262551340593,1.49787658986081,-2.00674853950622,-0.10986967961493,-0.792026933292403,0.271541340745271,0.869266822500758,-1.74772675420125,-0.653218360788919,-0.506414544535356,-1.42077534991453,1.99824008473417,-1.15967595371346,-0.155113287698814,0.446779782194598,-0.754722017942324,0.832433140447155,-0.272984359459266,0.664698194596601,-1.14999029102137,-0.821495757285347,-0.0182063539006705,0.348432458212433,-2.2600532053919,0.674886428974189,-0.229922625801366
-4.76289201290854,0.914840268557254,1.44238393648969,0.274621926174636,-1.65322609397318,1.08081603268286,1.2733362462612,0.0846126958561006,0.015023149759436,-0.761019701204755,-0.463821428567837,-0.661063015098547,-0.290944889508168,-1.28715279783701,-1.26450485492789,-1.20674726750817,-2.24055197646305,0.885217291055782,0.464274265699209,0.197926737391267,-0.153252920455748,-1.28205510819352,-0.650390166227917,-0.296939053561745,-1.45637541270546,-1.76454141830105,-0.14935252855133,-1.34600834570889,-1.53177592706685,-0.864506357584135,-0.746628013552643
-18.5039700188084,-0.429364482167269,0.391170454122018,-0.476639695819259,0.39102226413307,0.103050790843626,0.223344804036211,0.194851855515218,-0.427288698070846,-1.04998918440314,-0.832137077222686,0.79164848731839,0.959930812780128,0.00967116185959591,0.363038684277658,-0.529867978073484,0.165706921999241,1.41288143399763,-0.293925461691323,0.99413981635059,0.754396664651221,-0.777368904390843,0.000410985000801833,-0.437478644564335,-0.111644827548409,-0.539263987132702,-2.12571525613044,2.0423409683599,0.943671602403406,-0.17380260758921,-1.37137697174126
-6.31232305121246,-0.475216701923463,0.219953941784355,0.565530929439596,0.882560499978332,-1.24007432117931,-0.120222103988616,-0.759691188721488,-0.52536181146763,1.02464490722694,-1.4295779162272,-0.942657315652281,0.880452038977313,-1.06332312229079,0.227112464851728,-1.71262465887727,-0.576971317057025,0.0916499804926011,-0.584010629674789,-1.94670613306428,0.121328685585341,0.336213355794925,0.0305308091811537,0.318529085185456,0.547394561299876,-2.29722609937036,0.0462440143002026,0.0222197176152759,1.15183232751237,-0.7442751476954,1.05339165545529
-10.3303845084414,0.845157024156541,-0.306058770740924,2.79219277842367,-0.316636615036173,0.157900244736924,-0.580595746482878,-0.676286286689199,0.538193323843591,0.254986601484194,0.375229838398116,-0.0614616824515438,1.35366562168524,-1.10121866937244,0.658422068758776,-0.24428570516862,0.922456559606588,0.234729536804131,2.02494695558161,0.79865315982989,1.33268996587053,-2.26248933108841,1.51220347133859,0.0739854093584621,0.700484030140845,-1.19316179339426,-0.0299335876257187,0.906854299556031,0.0888166709488187,-2.51891071088881,-0.520942928848352
35.8156837563289,0.856412989522956,-1.36944854400978,-0.215673238100881,-0.704794378763296,1.02917947716535,1.0398230638103,1.32933663563727,0.625723905142438,-0.0515497648446295,1.81619855204527,-0.15896510789562,0.374314112202267,0.212793971897798,-0.124828851013461,0.657079951380524,-0.140420780487489,-1.17764795830107,-0.483491638075235,0.365303619201376,-0.840372324586606,0.498959602843709,0.559464737677215,1.17108408870185,1.92325976506145,1.66127548870342,1.60526811055526,1.45389216745743,1.51012861182654,1.17732172926225,1.69939438301253
-13.8221939590197,0.0826523352083841,1.50443399036626,0.122511738592116,0.203153232133862,0.465129716853477,0.0680528367543094,-2.05502069847011,1.74764761911709,0.0543249396909494,-0.658604347929235,0.583632215094837,1.6662816429885,0.157031367869541,0.766809627995615,0.990474358695845,0.681970531462638,1.64675951484687,-0.103308928708546,2.59747636629289,1.38582220491609,-0.598621518784359,0.0697510002781572,0.244002988740307,1.17926236684613,1.25738518476868,0.128663840569968,0.411034000147272,0.42310574016212,-0.296364667607891,0.565305144714559
43.4775634043985,-0.29292373845552,1.67117742875176,1.85038914297192,0.798602397827011,-0.0059512572348108,1.04083665571981,1.41848519418296,1.12075964798406,2.55766934176793,1.4823351434735,-0.297087700447395,1.15987303342423,1.33899430856598,0.751096817974342,0.874084642559977,0.171372703920644,-0.0150719556844138,1.58698271380403,-0.0721862021982069,1.09877087461912,0.485347244523472,-0.939308645009596,1.40973141351776,0.407330872139549,0.466030969609493,-0.919762536908099,0.0649179694689096,0.29673121780076,0.399169040519464,2.14421576153564
10.7911731321821,0.620639851089867,-0.393073587823743,0.583519106498725,1.36552525770068,0.189074782986521,-1.51345345240492,0.0687660818586807,-0.796837168496364,0.49323422574828,0.566332048819015,-0.0501523974821443,1.25822358374481,-0.0736274527380743,0.215610536359272,0.578474130491107,0.212683521282074,-0.707496792526177,-0.0664082130109156,0.328703626944267,-1.98590628245987,0.0240747542527905,0.844345360331355,1.30294018073404,1.74431582386604,0.229402784298182,-0.0635594556663637,0.704188480354306,0.779801727841939,1.98434439569735,2.24056733086297
29.8502719434297,0.555151889724581,-0.514839860493464,1.98623978472669,1.51965121699745,1.86636110665644,1.2691876575628,2.10250390099012,-0.370249777679538,1.01319620470321,1.02466590307908,1.46866046944994,1.02359503155068,1.79203106791122,0.80968222696908,1.43325521588572,0.51935975393016,0.847819509654262,2.32037911055751,1.01437296696372,0.440305653651917,0.655151117373527,-0.63695070314535,1.41978617710853,0.824862471254535,0.468803738177454,-0.661042013790187,1.45573043198261,0.997785655430181,1.68066826886469,0.461657098046743
-7.56714790794131,0.163677805672022,0.912074389394886,-0.168760996343969,-1.23009295725663,-0.87996403856414,-0.283108613015175,0.48250364054384,-0.140963531469327,-1.38469261918981,0.377975013378153,-1.29618674283231,-0.682880640198667,1.13159358900075,0.386152945196209,-0.265385892062865,-0.238494104406317,-0.46326314031478,0.0942226646217745,-0.178419275001513,-0.708360483670526,0.553039027585184,1.58828238700241,0.00312037202836304,-0.449275397806018,0.785088793708594,0.607558582255306,-0.449958842857342,0.721935736996934,-0.750307783451397,2.00018031563899
7.71269577688896,-0.983889703790931,0.947742660823078,-0.466809189439224,-0.893384391794337,-0.709799787498559,1.07639211097094,-0.678542755698274,1.5622346299729,-0.498160612627804,0.773368700847038,-1.45942617471983,-0.873641414009333,-0.176726080790861,0.189811353436793,0.220188710903333,-1.81730979135456,-0.60489147983351,-0.21209946708156,0.48231955340017,-0.362621955940639,1.01849243598943,-0.124731168983153,-0.506565857098177,-0.39189442965262,0.608412041958951,-0.695375592600939,0.622113774601702,-1.16860353457871,-1.49797358908499,-0.0834464264530226
4.76706247341465,0.541684436678061,0.327356014236228,0.278746147693742,-1.12986829770924,-0.755468126073345,-0.0141137401914771,0.923691668378097,-0.278445395021289,0.886168406967746,-1.56799266733704,-0.766510097567862,-0.861103620783598,1.07620482104682,0.171551442634399,-0.440608111350714,-1.53038653665595,0.753287289011021,-2.00743121819062,-0.658162642160615,-2.68599265618571,-0.381364873398913,0.866626682828839,-0.210273908795393,-1.4033935150687,0.127986432344764,0.732359876475369,-0.108082013818928,-1.00414201632904,0.684903510633142,-0.0382806039867093
-18.2795358838605,-0.274353756355914,-0.114275608056216,0.439380721324013,-0.14007552136404,-0.423234824832117,0.349491654768165,0.398735443856934,-0.138349588886526,-0.311604850946413,-1.61805808876241,0.0396554672669796,-0.247259268434205,-1.00162072392931,-0.226692149755853,0.467929840507461,-0.577204949527979,0.285274906788967,1.90824782378738,0.629465133133775,-0.274072945659417,0.907740796038352,1.08696878192858,0.307954509274424,-0.449298383996968,-1.64617923373351,-0.338343864671491,-1.2147609920018,-0.4003061233719,-1.28171448316724,-0.189748719102387
-29.0228575600186,-0.0301463887339262,-1.63863095367398,-1.12737776016485,-0.435789401556935,-1.72096249640918,-1.4843075550296,-0.0661385290932854,-0.672067316735498,-1.95058873154526,0.234804553395937,-0.399803502828384,0.990003936153161,1.31230765926517,0.638213143426835,0.968974861767336,0.484086450476855,1.00729536278708,1.05818867535684,-0.546822473828961,0.155622721308592,0.385014646784487,-0.760307284878697,-0.22919008931876,0.0346302057482959,0.702880937044152,-0.560897718845584,0.652070063404587,0.561559310275287,-0.644339573555181,0.492538506895901
-10.4529348069283,-1.84044199302396,-0.460089999843058,0.919515473925109,0.518149774628422,1.21944567235985,-0.757516651113107,0.607263209512488,0.015786249622592,-1.10784817154173,-0.621262649038984,0.769359912486636,0.886790646277856,0.882075140163234,1.0982623307773,0.464779322040968,0.535730325817147,1.62053209322143,-0.414561597891068,-1.48501468301844,2.09163048767039,0.759821990331634,0.118744753553782,-0.817390172502885,1.78173164396984,-0.805562275659067,0.754229597520729,0.00656045157359475,-0.349542410363512,1.93335646399339,-0.625225516012978
-8.13049544961019,0.735730561406039,-1.63616967176608,1.10258680647869,0.28944946383193,-1.83841129920611,0.472645814114149,0.895310255229594,-0.990348714295013,-0.288042251898994,0.149850734781811,0.418105950840127,-0.453385932851757,-0.179373173148593,-0.440258800619886,0.645870824705321,-0.0895682548393445,0.710060896076078,0.153114886632726,0.434395702404211,0.747388135618548,-0.0260691727484449,1.47333506311234,-0.637042803707243,0.744592108662447,1.65355044725508,0.199785704182791,1.67458322330462,0.53669079832232,0.827491655327197,-0.201969128340589
19.4053565915596,-0.844104256698539,-0.414749993695677,-0.0937286709452756,0.113247550619248,0.20585503597569,1.16866760158408,0.782570964708533,0.427877109853369,0.540256009703114,0.635874289479564,-1.00295554135518,0.19234180579629,-0.504841516052205,0.251907560955352,1.04883376684263,0.475889817692712,-0.595756080675088,-0.111895765902752,-0.225248838698875,-0.479804488334419,1.77309687331892,1.41140450097187,-0.175010799932864,-0.364810476204059,2.3317781920486,0.497964434264407,-0.91363358371504,-2.05700003080831,-0.192570564527329,0.044675938098477
31.5084857580317,1.21307385818716,1.43286812687871,0.147696305116854,1.54486415797023,0.926771259600841,0.041385372545448,0.590355045209974,0.869434293359742,1.63681272628776,0.863142048629318,-0.216783816568108,-0.879111445544891,-0.0476418882384569,0.662290159920874,0.0620313774206199,0.172825080224851,-0.247925058524287,0.0676768872395618,0.338259043991337,1.31326591141361,-0.133414872940381,-1.0075384296531,0.865644464463474,1.05339380512292,0.461324993685498,1.30907302479305,1.01271559185087,1.80681631528654,2.75159849011574,1.05455040391041
39.5745862832781,1.29619691149738,1.31296900260004,0.880284998324129,1.87947934079086,0.930796865914942,0.610013024605501,0.375672886466309,1.23036227738163,1.49863064744546,0.970589101675064,-2.75807182791492,0.0584985626362507,-1.44166435816501,0.364505789066553,0.711172828064925,-0.705859762068158,-0.687674701092244,-0.466446400004543,-0.247538098775813,0.0328818041647113,2.43650718878376,1.19265407530519,1.31717901995918,1.24714414960985,0.0537620173433326,-0.024350878221574,2.42753729795222,1.55393583696492,0.710539422585832,0.247075464970993
-16.0773217302312,0.169495826438613,-0.0659943215312546,-0.232633854624483,0.840585055596575,-1.848162936283,-1.82283167178489,-0.725711768447028,0.93865007769736,-2.29842682016783,0.334636005585773,1.33855004894573,0.910032464451415,0.268433395298842,0.259135288890976,-1.05501755661068,1.09736864494226,-1.58150488566447,0.762541371110172,0.496351062033679,-0.509968705460423,0.428104288600001,0.755509675077084,-1.78267232623558,1.43729029487763,0.184616501575932,-0.211795569583877,1.21251217294157,0.173728174058512,1.74652912860421,1.77974370451962
-0.578474082856607,-0.618782979002534,1.2415561481415,-0.616145489232969,1.43384509110486,-1.02409649215913,-0.496032129465991,-1.44769865403008,-0.298135885549219,-0.197120228371639,1.20263522346475,0.268774997488364,-0.597159351065358,-1.70227007505462,0.161581215888335,1.23157666817215,0.444311454418016,-1.53435716986438,-2.18549981928816,0.934598377421182,0.0669694761985019,-0.517695218580683,0.410517834339009,0.429418613118084,-0.389364389932932,-0.0246693127315575,-0.484232632497637,0.0223885994922709,-0.0279737305870858,0.74036027976282,-0.604203624537505
57.0755754191554,1.32224424362216,1.54659223533301,1.81427384577356,0.325245762882175,1.61104214130361,1.45726590551358,1.57192338156282,1.60966800307961,1.39688096437155,2.56127770451571,-0.308363809957005,-0.613721768926094,-1.39318960299996,0.935459663733359,-1.75008920862085,0.0367146906744382,-0.0579940435354598,-0.233543946569682,-0.846097450738375,-0.917558223808008,1.04814081808284,-0.374870549846216,-0.68950042912625,0.61141247448217,-0.27914056323619,0.300944204280579,-0.688020361058384,-0.542824798207578,-0.83103731986814,-1.03027416621939
-41.5747584158927,-0.553271495020934,-0.241487099243589,-0.127358887111282,-0.0339219433429768,-0.935097648897302,0.545885453602217,-2.46734067663941,-1.40742794434668,0.349682582316056,-1.44730515643928,2.08573523631412,1.12534508863655,3.09979220769685,1.15997490400865,0.953576308023765,0.963159121133184,0.477001949357881,1.63806480311032,1.33252723852402,1.6597092883372,-1.21529500920129,0.203698591318882,0.635765059430968,-1.38209063173408,1.52259971898973,-0.313161006482005,0.70467502156677,-0.367445902922172,-0.394452932888736,-1.73346620259604
10.0195166888435,0.209528671205338,1.56155849743014,1.14434985009243,0.33217401099847,0.023487511397819,-0.306879184655833,0.403745140360541,0.616594600063718,0.654952221899242,0.720393906526564,1.2558020221206,1.43674530210933,1.41986629385933,0.716705144664446,1.57291043609834,1.02281933991346,1.54104445168199,-1.18240735129407,0.24322497427213,0.657689055158235,0.406332060355977,-0.542591076287575,-0.0429118468355941,1.61464010115758,-0.54688810793055,0.672562504500774,0.0975934634091689,0.654858515897135,1.34071592101401,0.240253698877834
14.8186436400625,0.300122053015393,-1.04563544015976,1.54573966106141,-0.514838570400797,0.111226033511797,0.0810751260844601,0.316310863812739,-0.0568096284525043,0.3198665325024,0.867500360625116,0.211823918648207,0.555732707566159,-1.18090848251367,0.0126481596066267,-0.15604124607677,-0.300877285012885,-0.246156024106345,-0.336069808969281,-1.15211751920246,-0.308453950232525,0.396473036694469,0.355171061471286,-0.0960314545528676,0.243999142693194,-0.604940927854764,0.610642149491948,-0.637463503609537,0.35194975853486,-1.19109167653123,-0.0160828129805089
30.9986603215452,-0.078716809597935,-0.681079871992392,-0.28109282804301,0.448898164134472,0.876282265449698,1.89553529016626,0.0104175225236788,1.13084858038452,-1.54836962740693,1.73555564469974,-2.13892231979909,-0.593775505351349,-2.27689019671751,-0.617913955033673,-1.06257899414156,-0.937827309743433,-1.50845495491528,-1.06915314728346,-1.04647591930028,-0.653563236083678,-0.316579533166533,1.29360319849854,0.157038479570227,0.616413226827254,1.67953754899168,-0.176285199843183,1.05224605861851,0.361537919777581,0.288191619647909,0.835431265126821
-16.147110148728,-1.46405550119023,-1.23193658655387,-1.2968051723205,1.59979303000907,0.287527782646466,-0.648751806477576,-1.40254042743488,-1.27788894139566,-0.111607300802847,-0.451528165525202,1.26276327900743,-2.38627487951972,-1.2075148420367,-1.66116176294909,-0.355581848975513,0.442786537473268,1.27949455178222,-0.348857193822014,-0.825536741013856,0.69446466575378,-0.472489792901145,-0.329019917967018,-0.103478893840031,-0.350554159865393,0.606118449319953,0.153383277505386,-0.310149179522497,-0.754296580466148,-0.176933482228313,0.364852457183903
-10.1165758522752,2.95254009706094,0.390017018134585,1.23108779984652,0.677237534134366,0.844513236434094,0.0378782605243647,-1.58381677832645,-0.738133964789128,0.0427737453228065,0.310827503682279,0.885015018479514,1.77149215150091,0.903017213302309,1.73324814203998,1.67427056343581,1.20429266420138,2.12203500177877,2.2715902085662,1.88650915082016,-0.959237696243859,1.40489209874652,0.291175653554781,-0.212076529630985,-0.0186090373912014,1.43576091498263,0.0951811615232917,1.22968787992629,0.739118494284213,0.775731876397756,0.419726440244524
-37.0534941757317,-1.05130391455706,-1.58867116754354,-1.11984174992896,-0.663036752253023,-0.447434334276973,-0.746490486924074,-0.252128416423346,-0.657801065768422,-2.04134642542469,-1.33538867635898,-1.38311569437056,0.552075518857592,-0.205717343455996,0.988743959370963,-0.81340926696236,0.623295959213734,-1.49573801677048,0.573854079722406,0.61505512239104,0.865956783718873,-0.343500876026638,0.303882234896855,1.10606135367997,-0.133960350142752,-0.359920499536028,-0.636906398951824,0.541114887163231,0.359508966444892,0.960365978081669,-0.222444321212228
10.3434499127442,0.495865648463452,1.4607526493274,0.579150123798892,0.829044549778839,-1.02765497530604,0.788079690207233,0.982992295458257,-0.0185216462781491,0.697275970018528,-0.0680829965111381,1.19122919666284,0.853875291693797,0.322520202885337,0.533817748051852,0.331222982752375,-0.56714216337923,0.171732024772254,0.357990541065978,0.387573600394753,0.469747162692489,0.683485263583361,0.603396493896601,-0.46307095087791,0.496543867533713,1.01501673005495,-0.39334470617126,0.626857596077367,0.766910256362103,1.63576385705573,0.389347112878002
5.42903868988757,0.612854368377778,-1.26117942743501,-0.0554402407602119,-0.894215568863142,-0.881299935759184,-0.578008613771189,-1.36667671162889,0.847058134099942,0.625097874692315,0.864224853437797,-1.87020265483458,-0.990845433905223,-1.3412657296008,-2.59328428735942,-2.52594197911102,-0.309071921723963,-3.04231854218087,-0.843452731862247,0.636492419997403,-0.462357616451957,-1.84411505394191,-1.92972913061055,0.684485385048395,-0.0228504567534226,-0.0730529930046017,-2.41107750388884,-1.10351167233708,-0.994278309375816,-1.22476965167682,-1.48619115646641
-7.54989849653198,-0.755385962778134,-1.23136100875633,-0.673310484742031,-1.46698745879674,-0.710643817181893,-1.46267587311455,1.51915217189956,0.728360786981994,-0.25579824380268,-1.23701722108907,-0.28848997878863,0.389539469142736,0.629004528305414,-0.540996111489528,-0.517111922391027,0.056902020588943,-0.388132532699318,-0.0695873978883564,-0.34570699451358,-1.05281058965053,-2.45552224775236,-1.80298722702433,-1.40973686949493,-0.232673950992885,-0.840363087318203,-1.54781559884864,-1.11666201560533,0.190352899651912,0.824268633714636,-1.71758076777327
2.88627825247476,0.704767689990934,-0.0137275583474091,-0.675707998569604,-0.46671187873652,1.18951358302519,-0.759031737833405,-0.742228706920087,0.28542189167047,1.89482727307645,-0.79457542426341,-0.550026852777616,0.498543672450433,-0.904838019078266,0.576008441967324,-0.214786560299883,-0.150298780003506,0.616559276034371,1.03443864737268,-0.632229253040001,-0.130110371452429,-0.310436886951788,0.294810153141379,-0.674989440777077,-0.754621286975736,-2.89734990882609,-1.45613265385271,-0.877336318371291,-0.791587631125575,0.546722146269767,0.170004463400218
42.8731922808996,0.549638668327687,2.03375979746718,0.757141811304757,1.50725896514154,1.86757131176196,0.676763465210692,1.35713082289153,2.24337108447103,1.90702698865754,0.62838062889813,1.29743536748386,0.556548465917874,0.30777513080854,0.368484836891186,0.104129974942071,0.680923199510685,0.356358068215005,1.24454930250439,-0.0653964254697916,0.302800858106665,2.46732507574151,-1.294205232611,0.312207575691284,-0.00450061935028821,0.111442283356739,-0.200733625501172,-0.123212387205583,-0.779370548115963,-0.880121814740531,-0.928577358464494
-25.4901906555721,0.825364103281576,-0.442623121891907,-1.80049929477318,-1.6407633350716,-0.0806165816294799,-0.989332530640826,0.0115458292127802,-1.15973309161184,-1.03549254707152,-1.23837463569,0.710358089283716,-1.71920311932318,-1.63651019497181,-0.423611364485544,0.587189208090507,-0.689232043135709,0.0618646954835832,-0.688293548035788,-0.979502830753943,0.186141898638396,0.0353615842573387,0.977692063049529,0.0605898002593316,-0.308642736013347,-0.881022624601086,-0.220071325222598,0.570641983669943,0.75237807487979,0.504783016904083,0.448849042400474
-13.8211672853473,0.87651617163528,-1.89688511799882,-1.25955337054906,-1.06463795667046,-1.83751461841049,-0.20977365203392,0.221857897558466,-1.18332204695511,1.10756428976437,-0.328137059751266,0.851391597897932,1.16518503301763,1.02900930489002,0.380404433092852,1.27963974012169,0.293009530125702,-0.189653247267118,-0.157676191598837,1.06592953183336,-0.215727167463768,0.391549753194181,0.297381684528544,-0.503192419788349,-1.55599683881769,-0.443853156454332,0.397174213706696,-0.630108107072739,-0.821768272503487,0.344413908122904,-0.36380529429761
6.01559702504485,-1.21951943927526,-0.255489825317795,0.106591695124259,-0.285896892345062,-1.50178886771119,0.194053287114293,-0.876331855647433,0.365001984102941,2.25637468576518,-0.571863248468995,0.0804099058138344,-1.3134419013187,-1.67174411735345,-0.854690016452568,0.340303974282467,-1.22686545138931,-0.783324932562058,-0.941038055211291,-0.167276173562007,1.04719632240769,0.13572168166749,0.539509156515545,0.573587033333735,1.80565286727284,-0.520971714502796,-0.0511499392831699,0.247411174926418,0.362779781939385,1.22120887856891,0.550807889782943
31.0118407985433,0.300870310726676,0.986456196063492,0.953509343493892,1.19075583064325,1.08375673129363,1.7210387556641,-0.389295863573578,2.92324919863366,0.124680434665175,2.26379781648893,0.383747082989053,1.46331793765542,1.5564228888902,0.540727902207,0.0720187668610619,1.79380939891915,-0.743036658548415,1.69573439070541,2.20000724172261,1.91116014529887,-1.57373928625412,-1.72310402481332,0.0962050845126279,-0.149004990246012,-0.0150209135928737,0.367574955434209,0.285738382371959,-0.82364036886137,1.23781415478982,0.382826583331686
-29.6798055009573,-0.602213929325966,-0.758082935163734,-0.57921014290785,0.225688472478206,-2.48470441276954,-1.28007900581039,-0.455024867657803,-0.222166575195623,-1.80537810098249,-0.310604563827061,-0.190080630670306,-0.034749508385548,-0.11301266029994,1.10653834101971,0.780565258389217,1.19709292448916,1.63273690517561,1.64596236765314,-0.57579426893986,0.609755126279727,2.26571932179915,0.0968562222748419,1.3562448195453,1.93002015303155,0.969092621805986,0.692117351941415,2.77760242916401,1.25214893758087,1.82909528456697,3.07530635983952
-28.9967507726127,-1.19395203798666,0.669085331146305,1.04601593575518,-1.13854261014748,-0.742373331408391,-1.56616139987847,-0.734870696921611,-1.75514628291515,0.196911246359799,-1.1590231693143,-1.78604351179156,-0.756940046591693,-1.14893329428243,-1.05135702138863,-0.42451102821405,0.484384193572867,0.345714407560327,-0.638116124971501,-0.755619887623092,-0.531100534652432,-0.610883726218116,1.69256359605275,-1.61098703718953,0.0329653181695155,0.34712183103744,0.73435239821663,0.524361601701539,1.03793216605625,0.365234232428864,-0.497038638914714
8.19304406365931,0.892879815169835,0.450189740736355,-0.386334989727542,-1.77631431510952,-0.112889643146286,-1.35768330813037,-0.515955128041004,-1.17693300460266,1.06188137763858,1.2592906600164,0.361360402214909,-1.57650060434167,0.0770916058015844,-2.42933878993965,-1.16337312437032,-2.8620170669615,-2.06802030673408,-0.506223694002987,-1.10972407663359,-0.973040054785539,-1.0402388017563,-0.339067038124431,0.324467840779073,-0.808198997524163,-0.632482560532759,-0.735860452085538,-1.17604635161791,0.554412423649931,-1.18573903695414,-0.19300916601285
-2.45138035754806,-0.134071040116766,-0.505554522221513,0.745726817998612,1.18265492495306,-0.698472762700454,0.196120970374604,1.48097589868727,-0.342556740148496,-0.34709867098209,1.32547371046113,3.58545236908949,1.62996006858261,2.55224247692602,1.75562453611789,1.06350810903643,1.0359218307364,2.12412054616061,0.984224333113565,1.30725363533795,2.9249181595027,-1.30445161208001,0.768658787142742,-0.982424339837922,-0.41812715437862,-2.16297238065544,-1.24802004550758,0.596965985256643,-1.20258185240741,-0.0536203291050343,-0.0649099014240657
-16.5212542443869,-0.711671777690638,-0.764578828042699,-1.33425403165392,-0.277721719146295,-0.835072708033828,-1.64071185900134,-0.462055324236886,0.254862165113117,-0.0839126266853215,-1.45691571733355,-0.378156997810678,-1.6850450400792,-1.26456096439364,-0.151679383828399,-0.270517332648672,-0.446424800176988,-2.61639632698713,-0.590352483882467,0.65746689021978,-0.567868137104557,0.293633886289092,-0.279804858983111,-1.42140329958899,-0.777699876887699,-1.35836468042373,0.0579063038027441,0.513805298641665,1.17159643996579,-0.679428810009561,-0.382300085354815
40.4588033896487,-0.999559589330058,0.331515977185976,0.639468872345655,0.785066535427123,0.0155148483342168,-0.881361659138973,1.19226523070304,0.697218744759668,-0.151097497034,1.86314311144479,-1.69187324037244,-1.5359869629528,0.163551077520972,-1.2084587938257,-1.46601925423085,-3.68126763256362,-1.66825117282088,-1.68212251561987,-2.12686070070304,-2.19469927849907,-1.10762295091513,0.344997457625396,0.305797616225893,1.53832321638284,0.309049510634603,-1.39841096409145,1.04056288516011,-0.0804699955414883,0.0909895282928029,-0.989022764791477
-12.8614470865267,-0.748793968469506,-0.772614637852157,-0.458322662911441,-1.19062929316448,-1.03290319746752,-0.452957125648684,-0.628934500359966,0.408255927234952,-0.421258849768535,-0.565271258285745,0.19324566258293,-0.575362942869935,0.11069620556667,-0.342313493242935,-0.236770482494795,-0.742628885031536,-0.960829759418455,-0.575068708772448,-0.107012256682435,-0.670693588256168,0.0955619469475245,0.751833394735167,1.30292477812579,-0.181972081590494,0.832404818262182,-1.18459674480788,1.55659864024278,-0.0139993505962429,-1.22849457541186,0.0655845443950325
32.9308258964467,1.4910601042224,-0.323746115297059,0.712655811128037,1.83359217254257,0.317707954471795,0.115216804133454,0.679513890320508,1.49423457805663,0.097288270400246,1.13067789197683,-1.38967569989157,-0.273973974143132,-0.619560097102084,-0.907314182923865,0.390350118119196,-0.058991498065602,0.111135715903964,-0.624774116304482,-0.41573587243659,-1.66649665419925,-0.869274641548463,0.619030771973723,-0.678584778777462,0.701076765310769,-0.304698042087789,1.25882647763223,0.297299069140677,-0.171953120140632,-0.185035162268418,0.206106660144784
-8.67511277899026,0.178316684481817,-0.856813429354045,-0.691383922232849,0.244341549313823,0.466093978989263,0.0931780850578478,-1.02947694021307,0.64072046174713,-1.66842218059026,0.598539273458654,0.506870173764402,-0.21401076759494,-1.1449181423694,-0.403716949482801,0.7627932865872,0.799941377476662,0.531812645538679,-0.787965677216181,1.70316232289266,0.386177208263247,-0.851852937769568,-0.318903553346759,-0.6394951202389,-0.0171492054811679,0.159681077331461,0.224921696284875,-0.596032000943082,0.0930433082748342,-0.80172770289917,0.799312941553881
27.9313396456443,1.310341531733,0.257734079066862,-1.45222999779154,0.294662257052995,-0.0991358888889961,-0.116572142472534,1.2977110568603,0.610784290055082,0.825278315844395,2.28789729942898,-0.485172137203809,-0.279043776355694,1.11044482180549,-0.00250478528407889,1.44209130984852,0.273735870736704,-0.467856225824321,1.32575285282207,-0.187788368410171,-0.0500195459029942,-0.838794418640432,0.465906197969651,-1.27488785541198,0.812815628684504,-0.259779423153742,1.94242327434103,-0.325431829357651,0.0974084696873334,-0.272539307099929,-1.54579040354107
22.2251897517217,0.905917411422717,1.45756320071524,0.354781297906537,1.02980446456925,1.44232121659507,0.0203268735285138,2.41253886122779,1.27539426408909,0.0137054478504374,0.648144541959205,1.07841127831546,0.884086857107574,1.25956642358592,1.10268718174536,0.230656370084056,1.3334410280313,1.35184980170397,1.10200254501838,0.260662327864118,0.477843057706947,0.442336636292998,2.75883610021022,0.51522174837293,0.70911494509932,0.429828759033422,0.0281894490921639,1.14654044398193,1.96466598314431,-0.825306837906435,0.133428991333232
-16.6596841725879,0.194800875526355,0.837113365731259,-1.22567695119238,0.339965257694272,0.144939392013525,0.31725885913244,0.624098429244264,-0.684390463269903,-0.804770957303345,-1.49147274134689,1.0589199514841,0.745234983069709,0.647544155761719,0.733393898945934,-0.583066360008124,0.468154134417004,1.06291249330785,-1.03726196200625,0.237695502629217,0.162130054360332,1.01737861352512,0.474360764749463,-0.224340978215038,0.234303734258008,0.878180845598061,-0.0932721451919562,0.084200616644939,-1.82257469191053,0.61352753612755,0.10357047439646
45.7932340678324,1.50760678473172,1.77426263233839,-0.342188829834673,-0.457413884029894,1.57536954628681,0.853021214385246,1.73629857471758,-0.455727030560582,2.23205291459355,1.59696621530293,-2.5909961479997,0.0262190405515553,0.255691264336602,-1.73628388920968,-2.50319148664142,-1.76618669657846,-0.958446768330918,-0.99914629085276,-1.36215823469784,-0.769800493567939,0.00979659779048669,1.9088145969521,-0.998191395931179,-0.968578801141397,0.288683644059402,-0.345102574106852,-2.30388359027356,-0.371379254008308,-0.370926096963854,-0.440177268533082
-55.0760211388295,-0.97628799380035,-0.907955766673202,-1.06785114024099,-1.14831114094047,-0.839553095157742,-1.85074378021443,0.532752220991319,-1.60707481932425,-1.60681708841245,-1.51246098184738,0.107814273039414,1.94218876713554,-0.118577018206995,0.692764846703011,1.44921173786313,1.49119545279746,2.28603370154401,1.16622461170448,1.0951327176965,1.75205654616671,1.28304602679401,-0.304199823426842,-0.894951763821541,-1.38920090431516,-0.691184760530912,-0.834686156229772,0.455808579437535,-0.943402736620656,0.886404953786669,-1.81306668506853
-36.3683646381958,-1.15494050715629,-1.29748448826168,0.464013250354889,-0.536800745443168,0.727579926135617,0.851645256989046,-0.579836189464182,-0.828890382940746,-2.04426403401324,-0.968909307710293,-0.517168643550478,1.30019769944092,0.650727688404901,1.86846459424899,1.9561375085487,1.9755650253758,0.110883069041242,2.67096285988839,0.682876759377958,1.9377333485499,-1.77021993712833,-0.944428558699896,-1.16328811727633,-2.09149563811416,-1.96433832814474,-0.999906456723508,-1.08106907937201,-1.06821606809825,-1.03207855325116,-0.876843801418635
-18.0422258646502,-0.956007335012131,-0.925147426849838,-2.16651552573167,0.108076422250794,0.107079741799567,-0.458784954840003,-0.030154112068489,-0.510634698425034,-0.655374106259368,-0.941312973109158,1.32063172710138,-0.11277576725446,0.00901163396546012,-0.190697051421489,0.949816478688642,1.60215249563497,-0.589467228038598,0.222678019992171,0.0619170024338489,0.178006666767536,-0.91570198245721,-0.39090961645963,-0.774234281164791,-0.172069758719336,-1.71033618269193,1.48403244269149,-2.35952279502417,-0.861277507985563,-0.0688543652778429,-0.479287080728801
34.5717116508929,0.293290101238171,0.415945992312146,2.2604985417646,0.238863923772385,2.05318982512691,1.6781290086558,-0.216410372215134,0.219489513755201,0.656645592650079,2.23585320932786,-1.43491350647142,0.0175985103425508,1.05310496064886,-0.667094892309506,-2.28596010095548,0.23018762146078,1.23734099076408,0.183417450687749,-0.736592596065362,0.279414328054392,0.0897581118171804,-0.385866204513719,0.70160022743366,-0.588917887592063,-0.232201192500239,-0.037443940597153,-0.512260576752125,1.57767596588409,0.117777142476096,0.0615997293163683
37.0396282813812,-0.390679794590144,1.53926733736374,1.34694536487004,0.0540027248541999,0.946652694812567,2.24695871284872,-0.10600916058424,0.80530443553758,1.93162056976199,0.969710675030311,0.345398128051689,0.871242735566955,-1.85651005249745,0.461137102423316,0.685771624455143,0.375915794472439,-0.666452409890837,1.16496961600809,0.247463116550687,-1.67902031993382,-0.178672279766316,-0.23206521346313,-0.918222366416928,-1.35894431770079,-0.251146326274721,1.40193351803598,1.03030735573536,-1.22667826449038,-0.816644340324453,0.0525901091887516
16.5331182088226,0.326208332617474,-0.40418110954605,0.566721039990884,0.748066725349262,0.276763664916479,-0.562341428289536,0.0808509741412659,-0.940703080992417,1.14553615152698,1.69654269026024,1.07170567815817,0.153283471353796,-0.262291128696521,-0.390971736793047,0.0110777785784268,-0.404170073054475,0.11198503934446,-0.342237969047338,-1.35356577278606,0.0797410417332015,-0.0721327189941915,-0.909454705577774,0.48396192136445,0.586839343287637,-0.0807733415479094,0.857444657847129,0.225669413444074,-1.28349269149214,0.0286561321742299,-1.37290009469021
-19.8953181918495,-0.255785130320089,-0.253509947358155,-0.543912870724471,-0.145059535420891,-0.676784624266094,-1.87358011740626,-0.23617881995111,1.21081266805205,-0.213640189694808,-1.27576195322385,-0.0896730417907452,-1.00841223938094,0.858777166060109,0.421503214195147,0.667159065683385,0.666740387352953,0.541159199098682,-0.266119080660055,0.179724511205233,0.0826667154129403,-0.459557189227782,0.551915359992679,0.677878388411088,-0.667336639307109,-0.0432854649074134,-1.56823821816968,0.464047397841203,-0.162827486319453,-0.509183650510821,-0.662194238987607
27.5727193131171,1.59497131872465,0.928063291171062,0.573128046211408,0.815642686599794,-0.491142530795458,1.03398287568765,0.74107401925711,-1.17882608235577,1.58605511255666,1.14278342945028,0.509629667433962,1.37207497893697,0.315135144574117,0.192398323388426,0.168663500356295,0.274158850470567,-0.511140175923473,-1.0765457184233,-0.463246507662527,-1.27907420745862,-0.848717386065885,1.45680111441817,-0.843838449403155,-1.51821660029855,-0.378497128130095,-0.15352545565541,-0.459395540923891,0.250390454048071,0.604172421342597,0.671807413922218
1.38059812823495,0.154632452922606,0.334860009454761,-0.0369978800291994,-0.0786800354117961,-1.69608679987461,-0.184767062427608,1.15121593204015,1.17465144587425,0.396584868827674,-0.158002356522049,0.571417112606926,0.322025147838132,1.41151284162326,0.406150360831024,-0.0831150474001986,0.801329598116442,1.33713657861573,0.213289638544367,0.627579562621418,0.627137312491388,-1.49713474861181,-0.193836847449164,-0.39105128396449,-1.01287954430181,-0.932353259917273,-0.589675183030378,-1.15999081377599,0.863618782836954,-0.640407993629608,0.815739779043415
44.4442256896798,1.50629726230451,-0.181385795418499,0.343071102673639,-0.170300967353003,1.48157059391593,1.24487466149457,1.66812275872582,1.2520254548088,2.48519856253806,0.230471817039453,-0.214505485729856,-1.0199156080938,0.0906550408618316,0.0437725755029139,-1.23370500466876,-0.660834165521055,-1.32458785002949,1.27186408300438,-0.151054629072055,-0.899232137546492,0.961156255572137,0.454107090279278,0.944533981721477,-2.01526009817351,-0.382810599266147,-0.570392546540573,1.78771968157068,0.643790274154295,0.427475234031517,0.297474884556196
1.02245545112557,1.17042915697923,-0.93353974912229,0.147760696841529,-0.328046238072975,0.053855693319302,-0.911747589235109,0.229056496280913,0.728650524803228,-1.65663055358884,0.871645837883539,-1.29352495270478,-0.295428661307262,-0.61409195544105,-0.973641457473934,-0.674399471898517,-0.343598882882973,-0.164968428136081,0.280651225606109,-0.162479406493735,-1.56554110952031,-0.87968396742662,0.749748715382518,0.946757469006354,-0.358828193562234,-1.39708819438236,-0.417633615805089,-0.57395590548937,0.801313830194159,-0.340309206579404,-0.513780339381033
-1.75409319376121,-0.0732760130277198,0.834063866858536,-0.64889229649435,0.959839666037164,-0.223680050118692,1.21216990258641,-1.05444253882132,-1.4714346079623,-0.97675472593198,0.369798915668883,-1.8328540997206,-0.510897889371286,0.558697459049615,2.38322398953433,-2.16684051166334,1.74417511599502,-1.03473772025262,0.312859335024276,-0.77029032660402,-1.76631618935198,0.248279477915479,0.817925590617697,-0.00352220450183237,0.299050306201119,2.20789772621298,-0.69238251024446,-0.158708818889709,0.261137145610648,0.945295760445261,0.482577694095625
-2.79870355041116,0.00538988955799778,0.164674621901008,1.21237549813498,-0.0601514297721187,0.299402199726211,0.824418132449318,-1.05843074116122,-0.90463649609914,0.512869862260235,-0.383281749807534,-1.00796064288862,-0.265810770834292,-1.2871108498603,0.618240972165772,0.135491714995674,-0.774021746155548,-1.34504207448671,-0.247736297475228,0.146210329058913,0.987125766771831,0.306538436058711,0.0768938473105835,1.07224888591508,1.09711147856158,1.60183056838676,0.579421178178015,0.316039653039973,1.26930134989499,0.129601180935554,0.975450564019951
28.2016857293659,0.361236582643373,0.817751852783729,-0.990568251228133,0.717482844705264,0.260569522124023,2.60986825967564,1.29178218036116,2.42371160249002,-0.78480280106586,0.421364943119008,0.238811012925717,-0.97571854550117,0.961774548972659,1.11039578514879,-0.182328055195895,1.10469610467068,0.471253339742814,0.276661112074422,-0.328183354242955,-0.283137932590914,-0.719532531776685,0.542798320896823,-0.492242355627577,-0.746019830623482,-0.195573554076253,-0.24551490209211,0.934672681094175,0.140367558660718,1.22954665028922,0.502750572941166
17.8032910713284,0.833127682086,0.549826252256756,0.492542327994111,-0.462414773528488,0.455603492467493,-0.332257017228815,2.13346597963156,-0.960772158712895,0.333158322530888,1.39751357932964,0.772320171168845,0.547643935960282,0.00350276105524423,1.38732033911766,-0.499216869886265,1.29338708612773,0.159286378811184,-0.515344827667648,-0.508334538793667,-0.248493931419964,0.658740551946914,-0.116055498723445,-1.00332273387034,0.311456900031737,-1.44502067185957,-0.902536180172758,-0.257430084350243,-0.862076141921137,0.810564036623546,0.151036656669313
28.9984212039569,1.88803302885136,0.918848333719292,1.60696721074202,0.823732806471604,1.40583386807787,1.74757681567735,1.34130526520785,-0.439684001058798,1.11640773941244,1.80366231069299,0.527162524343529,1.6499331741667,0.922005402080435,2.11705128003684,1.63065522474989,1.55472030966276,-0.113148000422582,-0.0423408693213101,0.922285255524538,2.74247673479727,-0.766601378736441,-0.946784051701032,1.45361470615,0.974498189528278,-0.371469207289053,0.0747345163784826,1.16800906147826,-0.838136440272819,-0.0960660661797688,0.209491802364269
13.3881381387868,1.49429711349472,0.964378603396598,0.848606568356192,1.18720999958056,1.51789973845846,0.0266265412277665,1.00139016472536,0.388918584333063,0.600173005433876,0.699603865139104,2.94547163473889,0.969922330962266,1.35166731526329,2.08495416489388,1.27484915166698,1.65101790530368,2.69483050199579,1.30204150598502,0.775475167595289,0.295947536654235,-2.0408657190144,-0.286055526872105,-0.0168805265312181,0.44582752764926,0.415702802036976,-0.7364485625041,1.53220720422325,0.778417600036043,0.00485819402106766,1.11201305842903
-4.76070109723391,-1.22939721265495,-0.0739533948224428,0.260924753221397,0.385941838132141,-0.264738901283366,-1.18455487317048,-0.89798193381045,1.34813866683302,0.470920147860195,-0.606896513802058,-0.163814776509654,0.774031295545318,-0.427092643633928,-0.471717044929387,2.18900991058267,2.49570305232057,0.204848844740528,1.00732553854615,0.425945584280141,0.186445089429296,1.88266454921723,1.28411823184874,1.9295362263713,2.16574520480288,0.414008897012269,1.07865357238244,0.169115664787642,2.11493161556726,1.60906445126999,2.15088818099882
21.7036268049592,1.83455332797435,-0.0753712077716991,-1.00994384950962,0.466460606509485,1.79422658645213,0.263562985216186,0.732625237685175,-0.607363005176988,0.255964112152516,-0.0892548157405618,-0.855561263624117,-0.926676268173251,-0.273146992266252,-1.00479356407762,-0.763062221047042,-1.18605665780675,-2.05305426660984,-0.652905296135437,-1.31213736711999,-0.236179379799084,0.601134986992085,0.0444692790059466,-1.01294399823781,-1.16541682346205,-0.472058516403687,0.44368484227875,0.441197547203783,1.88991175397069,0.807259092895593,1.42270301290605
